timestamp,open,high,low,close,volume,close_normalized
2024-12-08 03:00:00,100135.0,100264.1,99904.5,99935.6,25.52776955,0.46431032151297236
2024-12-08 04:00:00,99935.7,100033.8,99700.1,99757.2,29.8062662,0.4528226559431282
2024-12-08 05:00:00,99757.2,99785.4,99355.8,99540.5,31.80488652,0.4388687482694451
2024-12-08 06:00:00,99540.6,99810.8,99333.3,99672.8,45.29777767,0.4473879083304896
2024-12-08 07:00:00,99672.8,99859.3,99625.6,99673.7,21.90292039,0.4474458618002922
2024-12-08 08:00:00,99673.7,99684.3,98952.7,98970.6,51.13595659,0.40217132333528705
2024-12-08 09:00:00,98970.5,99304.3,98669.6,98888.9,78.9916212,0.39691043613205634
2024-12-08 10:00:00,98888.9,99395.9,98881.2,99238.5,33.09215704,0.4194221395133197
2024-12-08 11:00:00,99238.4,99825.6,99119.6,99693.4,35.46178912,0.44871439886153597
2024-12-08 12:00:00,99693.4,100199.8,99450.9,99920.7,56.58775978,0.4633508696240107
2024-12-08 13:00:00,99920.6,100518.9,99807.0,100390.0,71.7907364,0.49357038448907586
2024-12-08 14:00:00,100397.6,100421.0,99720.2,99721.9,59.07463914,0.45054959207196504
2024-12-08 15:00:00,99721.9,99969.5,99346.6,99914.5,88.31472452,0.46295163460981226
2024-12-08 16:00:00,99914.6,100125.1,99723.8,99829.5,67.79316541,0.4574782513506379
2024-12-08 17:00:00,99829.5,100013.2,99621.4,99942.2,46.25632853,0.46473531362486065
2024-12-08 18:00:00,99948.5,100006.9,99565.5,99658.8,35.85292515,0.4464864099113315
2024-12-08 19:00:00,99658.9,100181.3,99471.1,100093.3,44.89727847,0.4744650572773463
2024-12-08 20:00:00,100093.4,100160.2,99798.1,99798.1,35.15180615,0.45545631918195506
2024-12-08 21:00:00,99796.9,100071.3,99734.7,100030.0,32.7142199,0.4703889965678668
2024-12-08 22:00:00,100029.3,100269.0,99869.1,100222.2,43.58035628,0.48276528200802327
2024-12-08 23:00:00,100222.3,101359.3,100082.2,101106.5,146.96184674,0.5397077857267044
2024-12-09 00:00:00,101106.6,101211.1,99330.8,99668.6,188.60343835,0.44711745880474235
2024-12-09 01:00:00,99662.6,99860.2,99395.6,99531.7,58.85026287,0.4383020921202598
2024-12-09 02:00:00,99531.7,99722.3,99009.4,99214.2,60.51111476,0.4178573958286379
2024-12-09 03:00:00,99206.5,99371.2,98456.3,99100.0,71.21065605,0.4105037444380768
2024-12-09 04:00:00,99099.9,99455.1,98781.8,99431.4,56.13092792,0.4318434998744339
2024-12-09 05:00:00,99431.5,99538.3,99315.0,99427.0,39.55227454,0.4315601717998417
2024-12-09 06:00:00,99427.0,99466.9,98857.7,99039.0,49.88896294,0.4065757870403164
2024-12-09 07:00:00,99039.0,99735.0,98333.2,99574.9,110.22556281,0.4410838586708047
2024-12-09 08:00:00,99575.0,99683.1,98793.1,98898.4,89.48949879,0.39752216720219935
2024-12-09 09:00:00,98898.4,99102.8,98400.1,98400.2,81.07772958,0.36544170202901527
2024-12-09 10:00:00,98400.2,98777.0,98272.4,98706.0,84.7780159,0.385133003213198
2024-12-09 11:00:00,98706.0,98706.0,98039.2,98083.2,93.81699719,0.34502920210950616
2024-12-09 12:00:00,98083.3,98617.8,97956.2,98604.3,67.5494983,0.3785842611254566
2024-12-09 13:00:00,98602.3,99225.8,98232.1,99008.3,67.42727532,0.4045989297925912
2024-12-09 14:00:00,99008.4,100455.3,98847.5,100152.4,193.89213733,0.4782706684610775
2024-12-09 15:00:00,100152.5,100428.4,97515.0,97800.7,329.46773902,0.32683825186577964
2024-12-09 16:00:00,97805.1,98393.4,97451.2,97831.1,136.99339094,0.32879579129023784
2024-12-09 17:00:00,97831.0,98237.8,97319.6,97365.2,88.02659959,0.29879521175553925
2024-12-09 18:00:00,97365.3,98250.0,97356.6,97771.0,94.2441234,0.32492578736228006
2024-12-09 19:00:00,97777.4,97777.4,96988.1,97062.6,118.91451829,0.2793099673528791
2024-12-09 20:00:00,97062.6,97332.7,96114.5,96241.5,238.71853999,0.22643708506925445
2024-12-09 21:00:00,96241.6,97560.4,93867.2,96895.3,808.01398552,0.2685370612439393
2024-12-09 22:00:00,96895.3,97378.2,94847.6,96978.7,312.92782523,0.2739074161123523
2024-12-09 23:00:00,96985.4,97532.3,96714.0,97272.9,100.42237984,0.292851761463518
2024-12-10 00:00:00,97273.0,98142.8,96989.3,97867.8,122.6435134,0.33115900500331646
2024-12-10 01:00:00,97867.8,98065.0,97469.1,97946.7,65.24344337,0.3362395925227144
2024-12-10 02:00:00,97946.7,97946.7,96619.4,96665.0,91.14596672,0.25370741224878784
2024-12-10 03:00:00,96664.0,96944.1,95564.7,96926.3,242.93291879,0.27053323631493226
2024-12-10 04:00:00,96926.2,97119.9,95892.6,97026.3,144.25028095,0.27697251073749035
2024-12-10 05:00:00,97030.8,97051.9,96506.0,96940.9,73.53683832,0.2714733703806252
2024-12-10 06:00:00,96940.9,97502.9,96805.7,97457.6,64.62569162,0.30474510132198346
2024-12-10 07:00:00,97457.7,97488.4,96893.2,97202.0,55.13450444,0.2882863158979247
2024-12-10 08:00:00,97202.0,97527.1,96933.1,97382.6,41.10212086,0.29991564550506494
2024-12-10 09:00:00,97382.5,98090.1,97220.6,97493.5,120.11890137,0.30705680083968145
2024-12-10 10:00:00,97493.6,97860.5,97493.5,97691.7,61.82680142,0.31981944274519136
2024-12-10 11:00:00,97691.8,97923.0,97430.1,97716.6,45.95265016,0.3214228220764089
2024-12-10 12:00:00,97716.7,97838.4,96840.0,97143.6,127.33248937,0.28452577963515113
2024-12-10 13:00:00,97151.2,97928.9,97120.1,97730.4,94.22607691,0.3223114419467211
2024-12-10 14:00:00,97730.4,98266.3,97143.6,97808.3,152.59717515,0.3273276367218944
2024-12-10 15:00:00,97808.2,98099.9,95600.1,95654.3,264.91005187,0.18862566565999364
2024-12-10 16:00:00,95654.4,96533.6,94500.0,96319.7,439.84103299,0.23147259766769465
2024-12-10 17:00:00,96314.5,96398.8,94413.5,94495.3,389.03608496,0.11399447510254565
2024-12-10 18:00:00,94495.3,95515.4,94250.1,95106.1,201.68745879,0.1533255632755305
2024-12-10 19:00:00,95129.0,96160.0,94978.7,95848.7,120.88321292,0.20114361513744616
2024-12-10 20:00:00,95848.8,96697.0,95614.1,96442.5,121.71639962,0.23938002665859615
2024-12-10 21:00:00,96434.1,97198.4,96376.5,96845.2,152.58664266,0.2653109847582373
2024-12-10 22:00:00,96853.5,97089.8,96572.6,96833.5,78.86845497,0.2645575896507982
2024-12-10 23:00:00,96833.5,97128.7,96426.0,96582.1,81.62543148,0.24836925375248758
2024-12-11 00:00:00,96582.2,96835.0,95798.1,96403.1,117.89788624,0.23684295253610865
2024-12-11 01:00:00,96407.1,96626.0,95634.2,95747.2,126.02415355,0.19460775159854973
2024-12-11 02:00:00,95747.2,97440.3,95677.0,97208.6,110.60227052,0.28871130800981387
2024-12-11 03:00:00,97199.6,97622.9,97113.9,97401.0,71.12863253,0.30110047199881523
2024-12-11 04:00:00,97401.0,97595.2,97178.7,97545.1,49.17518379,0.31037946644172176
2024-12-11 05:00:00,97549.3,97700.0,97302.2,97479.5,45.18647559,0.3061553024205233
2024-12-11 06:00:00,97488.2,97750.0,97392.6,97674.0,33.5864634,0.31867969117239875
2024-12-11 07:00:00,97674.1,97777.0,97252.0,97327.1,36.76986925,0.2963418482005452
2024-12-11 08:00:00,97327.2,98467.4,97307.3,98100.8,83.43746971,0.34616251440787676
2024-12-11 09:00:00,98100.7,98172.4,97753.2,97999.5,56.67500544,0.33963952941782527
2024-12-11 10:00:00,97999.6,98292.5,97862.1,98208.9,59.04289441,0.35312337005866146
2024-12-11 11:00:00,98208.9,98456.0,98125.6,98290.3,48.12618058,0.3583649394386243
2024-12-11 12:00:00,98290.4,98493.9,98154.3,98230.8,44.36682545,0.35453357115720224
2024-12-11 13:00:00,98230.9,98867.7,98060.5,98733.0,139.69517576,0.3868716073072887
2024-12-11 14:00:00,98733.0,99536.7,98355.0,99507.6,134.14819865,0.43675022698442384
2024-12-11 15:00:00,99516.6,100776.1,99396.4,100346.2,325.17541808,0.49074998229199523
2024-12-11 16:00:00,100346.3,101069.9,100270.3,100577.0,179.36798814,0.5056118276592595
2024-12-11 17:00:00,100577.0,101025.6,99629.0,99752.6,208.23028597,0.4525264493196911
2024-12-11 18:00:00,99752.7,100781.3,99600.0,100385.0,210.8848279,0.49324842076794795
2024-12-11 19:00:00,100385.0,101130.0,100381.4,101116.6,87.31118796,0.5403581524433831
2024-12-11 20:00:00,101116.7,101680.6,101012.1,101280.2,147.55760001,0.5508928053986876
2024-12-11 21:00:00,101266.7,101527.4,100856.6,101509.1,104.50754591,0.5656323045519236
2024-12-11 22:00:00,101515.0,101876.3,101167.9,101195.3,59.92218947,0.5454258614139361
2024-12-11 23:00:00,101195.3,101489.4,101063.2,101110.4,40.38822753,0.5399589174291838
2024-12-12 00:00:00,101116.9,101197.9,100534.5,100754.4,178.54744703,0.5170351004848771
2024-12-12 01:00:00,100754.5,100864.1,100331.9,100491.4,67.46545124,0.5000998087535494
2024-12-12 02:00:00,100491.4,101808.7,100491.4,101808.7,72.85860311,0.584924370721907
2024-12-12 03:00:00,101810.0,101810.3,100799.6,101024.3,110.29729905,0.5344147021513619
2024-12-12 04:00:00,101024.4,101195.8,100582.0,100690.0,72.17431982,0.51288820775675
2024-12-12 05:00:00,100689.9,101091.9,100610.2,100610.2,52.23528016,0.5077496667675485
2024-12-12 06:00:00,100610.2,100860.0,100404.2,100585.7,73.60351393,0.5061720445340218
2024-12-12 07:00:00,100590.4,100924.0,100501.7,100511.6,49.42669702,0.5014005421869069
2024-12-12 08:00:00,100511.7,101053.6,100475.4,100985.3,51.76779401,0.5319033851265642
2024-12-12 09:00:00,100985.3,101128.8,100791.9,100809.3,36.09408774,0.5205702621428621
2024-12-12 10:00:00,100809.4,100809.4,100479.1,100590.1,42.04242232,0.506455372608615
2024-12-12 11:00:00,100590.1,100644.7,100169.8,100351.9,65.86772081,0.4911170209340809
2024-12-12 12:00:00,100351.9,100928.0,100351.8,100814.4,57.6974705,0.5208986651384119
2024-12-12 13:00:00,100821.9,101538.0,100547.8,100910.4,125.46657695,0.5270803685840677
2024-12-12 14:00:00,100910.4,101715.4,100623.1,101693.0,167.28963204,0.5774741302150075
2024-12-12 15:00:00,101697.9,101854.4,100721.7,101794.5,152.47312289,0.5840099937539039
2024-12-12 16:00:00,101794.6,102525.0,101454.3,101457.2,228.29222953,0.5622903211266154
2024-12-12 17:00:00,101457.3,101710.4,101219.9,101611.3,85.18977562,0.5722132430117777
2024-12-12 18:00:00,101611.3,101666.2,100832.0,100841.6,69.7216708,0.5226501477813484
2024-12-12 19:00:00,100841.6,101045.0,99307.1,99487.6,211.13820698,0.43546237209991223
2024-12-12 20:00:00,99487.6,100400.0,99468.4,100025.4,114.88289426,0.47009278994442877
2024-12-12 21:00:00,100029.4,100117.3,99699.6,99753.5,60.06417593,0.45258440278949374
2024-12-12 22:00:00,99753.5,100463.8,99500.5,100439.4,64.23880225,0.4967513860538192
2024-12-12 23:00:00,100443.1,100464.8,99892.5,100002.9,53.32810988,0.4686439531993532
2024-12-13 00:00:00,100002.9,100347.0,99928.7,100090.1,44.24397493,0.4742590004958246
2024-12-13 01:00:00,100090.2,100146.2,99203.2,99320.2,57.39319152,0.42468302671654945
2024-12-13 02:00:00,99320.2,99688.8,99202.7,99478.9,57.75470867,0.4349021552251489
2024-12-13 03:00:00,99479.0,99797.3,99479.0,99727.6,36.49024756,0.4509166307140516
2024-12-13 04:00:00,99727.6,100059.8,99649.4,99999.9,37.63004724,0.4684507749666765
2024-12-13 05:00:00,100000.0,100169.9,99850.2,99893.3,51.42514342,0.46158650843223015
2024-12-13 06:00:00,99893.4,100099.3,99693.1,99693.9,32.80125783,0.4487465952336488
2024-12-13 07:00:00,99693.9,100229.7,99500.0,100129.6,49.14312557,0.47680251389273504
2024-12-13 08:00:00,100129.7,100350.0,99885.1,100265.0,44.31403819,0.4855212914608783
2024-12-13 09:00:00,100265.0,100339.0,99896.8,100092.3,38.26522137,0.4744006645331207
2024-12-13 10:00:00,100092.4,100553.6,99913.8,100455.1,42.18883883,0.49776235213816156
2024-12-13 11:00:00,100455.1,100787.2,100309.3,100358.2,48.62684004,0.4915226952227022
2024-12-13 12:00:00,100358.2,100481.2,100143.9,100299.5,38.25898523,0.48774284113666083
2024-12-13 13:00:00,100299.6,100534.3,99939.3,100286.2,68.22598272,0.4868864176384604
2024-12-13 14:00:00,100287.2,101017.8,100225.6,101017.8,82.69898795,0.5339961493138956
2024-12-13 15:00:00,101017.9,101368.9,99700.0,99876.9,150.12053641,0.46053046742693005
2024-12-13 16:00:00,99877.0,101259.0,99810.8,100975.9,151.62516787,0.5312980933308432
2024-12-13 17:00:00,100976.0,101777.7,100781.8,101731.7,122.49693152,0.5799661294165372
2024-12-13 18:00:00,101731.7,101900.0,101295.2,101488.8,92.92835811,0.5643251318441441
2024-12-13 19:00:00,101488.9,101623.4,101200.2,101465.7,42.13895869,0.5628376594525328
2024-12-13 20:00:00,101465.7,101866.3,101225.0,101666.7,55.83258158,0.5757806010418746
2024-12-13 21:00:00,101666.8,101680.8,101256.9,101289.4,37.01530235,0.5514852186455628
2024-12-13 22:00:00,101289.5,101402.2,101086.6,101238.0,38.94616962,0.5481754315923683
2024-12-13 23:00:00,101238.0,101500.0,101131.3,101413.2,34.29483899,0.5594570403806898
2024-12-14 00:00:00,101413.2,101521.0,101141.9,101301.3,36.60220696,0.5522514923018477
2024-12-14 01:00:00,101301.3,102648.2,101301.2,102131.9,150.97055285,0.6057361056556144
2024-12-14 02:00:00,102144.6,102295.0,101677.5,102018.9,72.09006522,0.5984597255581239
2024-12-14 03:00:00,102018.8,102351.8,102018.8,102077.2,75.63481499,0.6022138225464754
2024-12-14 04:00:00,102069.6,102141.9,101581.1,101681.0,67.64774819,0.5767014172843005
2024-12-14 05:00:00,101681.0,101820.6,101627.3,101722.7,26.76031056,0.5793865947185071
2024-12-14 06:00:00,101723.0,101994.2,101688.5,101903.7,24.9063055,0.5910416814233371
2024-12-14 07:00:00,101903.8,101927.3,101617.0,101819.7,41.9547442,0.5856326909083883
2024-12-14 08:00:00,101819.7,101866.6,101580.0,101801.7,23.31554998,0.584473621512328
2024-12-14 09:00:00,101801.8,101801.8,101474.2,101559.2,23.58299123,0.5688583810376246
2024-12-14 10:00:00,101559.3,101593.7,101286.9,101548.3,144.61539862,0.5681565001255662
2024-12-14 11:00:00,101548.3,101705.0,101462.9,101591.9,26.58546692,0.570964023773801
2024-12-14 12:00:00,101592.0,101648.3,101233.9,101300.3,38.9760637,0.5521870995576221
2024-12-14 13:00:00,101300.3,101412.1,100816.6,101176.6,92.75151607,0.544221717096918
2024-12-14 14:00:00,101176.7,102314.8,101174.2,101436.6,101.91936757,0.560963830595569
2024-12-14 15:00:00,101436.7,101755.0,101343.5,101628.1,38.18323986,0.5732950411147677
2024-12-14 16:00:00,101628.2,101660.1,101419.7,101639.2,28.80798776,0.5740098005756711
2024-12-14 17:00:00,101643.4,101741.2,100873.8,100980.1,63.4939383,0.5315685428565914
2024-12-14 18:00:00,100980.0,101188.7,100837.6,100898.0,54.3686102,0.5262818985556709
2024-12-14 19:00:00,100898.1,101375.2,100866.7,101309.7,40.00043015,0.5527923913533422
2024-12-14 20:00:00,101309.8,101414.4,100606.2,100745.5,42.37932484,0.5164620050612698
2024-12-14 21:00:00,100758.1,101188.4,100758.1,101080.4,23.60464871,0.5380271351024164
2024-12-14 22:00:00,101080.5,101266.2,100884.3,101118.3,25.30751754,0.5404676201085664
2024-12-14 23:00:00,101118.4,101476.3,101049.1,101418.8,39.24150487,0.5598176397483534
2024-12-15 00:00:00,101418.8,101562.9,101232.6,101441.9,27.50213083,0.5613051121399638
2024-12-15 01:00:00,101441.9,102185.5,101418.6,102115.2,42.58192862,0.6046607468270474
2024-12-15 02:00:00,102115.2,102131.1,101770.6,101818.9,47.08361226,0.5855811767130077
2024-12-15 03:00:00,101819.0,101935.8,101725.5,101730.7,24.89970419,0.5799017366723117
2024-12-15 04:00:00,101730.8,102858.5,101730.7,102354.9,126.52885278,0.620095687617919
2024-12-15 05:00:00,102355.0,102500.0,102103.6,102158.4,34.37465719,0.6074425133775924
2024-12-15 06:00:00,102158.4,102165.8,101759.5,101759.5,44.88871562,0.5817562477060086
2024-12-15 07:00:00,101759.6,101939.2,101530.2,101731.1,41.85724843,0.5799274937700025
2024-12-15 08:00:00,101731.2,102023.1,101580.2,102023.1,33.03661087,0.598730175083872
2024-12-15 09:00:00,102023.1,102276.5,101916.8,102261.8,35.64921131,0.614100723130518
2024-12-15 10:00:00,102261.9,102450.0,102139.1,102283.2,36.02858864,0.615478727856945
2024-12-15 11:00:00,102283.2,102679.4,102235.0,102665.0,43.30383992,0.6400638776022719
2024-12-15 12:00:00,102660.9,103347.8,102535.7,102939.9,152.77517618,0.6577654429898836
2024-12-15 13:00:00,102940.0,102987.5,102486.9,102785.7,138.47331882,0.6478360818302993
2024-12-15 14:00:00,102785.7,103067.4,102642.7,103000.1,66.3545319,0.6616418861922644
2024-12-15 15:00:00,103000.2,103015.6,102702.4,102702.4,66.82230726,0.6424721662363082
2024-12-15 16:00:00,102702.5,103486.0,102587.5,103131.2,144.43082501,0.6700837749602374
2024-12-15 17:00:00,103131.3,103363.4,102964.3,103157.9,58.49516735,0.6718030612310603
2024-12-15 18:00:00,103157.2,103359.1,102980.6,103206.4,48.23119425,0.674926109326001
2024-12-15 19:00:00,103206.4,103442.2,103177.3,103248.5,61.27175438,0.6776370438578982
2024-12-15 20:00:00,103248.6,103400.0,103079.4,103158.6,33.97915042,0.6718481361520189
2024-12-15 21:00:00,103158.7,103205.2,102641.4,102866.9,71.97037237,0.6530647726614163
2024-12-15 22:00:00,102866.8,103394.0,102627.3,103270.9,72.11797535,0.6790794413285508
2024-12-15 23:00:00,103271.0,105216.6,103232.6,104469.1,421.95424585,0.7562348274596423
2024-12-16 00:00:00,104469.1,106632.8,104327.5,105444.6,346.08824861,0.8190499494516963
2024-12-16 01:00:00,105428.7,105610.7,104983.1,105517.8,89.13816052,0.8237634983290086
2024-12-16 02:00:00,105517.8,105630.2,104459.4,104586.3,103.40070355,0.7637816570828803
2024-12-16 03:00:00,104578.3,104991.2,104262.4,104573.7,54.04610628,0.7629703085056375
2024-12-16 04:00:00,104573.7,104806.2,104467.9,104682.1,35.33223789,0.7699504819796911
2024-12-16 05:00:00,104682.1,105070.8,104473.2,105028.0,40.54733592,0.792223932207319
2024-12-16 06:00:00,105028.1,105374.5,104949.2,105158.4,59.67450931,0.8006207460543344
2024-12-16 07:00:00,105158.3,105412.7,104880.0,104984.0,49.23814903,0.7893906514613935
2024-12-16 08:00:00,104984.1,105017.1,104508.2,104541.6,42.79835878,0.7609033014159969
2024-12-16 09:00:00,104541.6,104942.3,104505.3,104684.3,45.89220124,0.7700921460169872
2024-12-16 10:00:00,104684.3,104726.9,104336.1,104685.9,45.86254566,0.7701951744077475
2024-12-16 11:00:00,104685.9,104856.5,103659.9,103768.2,185.06939645,0.7111019530319324
2024-12-16 12:00:00,103768.2,104150.0,103332.5,103647.8,124.50851267,0.7033490666271728
2024-12-16 13:00:00,103647.7,104139.1,103485.9,103909.3,73.21858802,0.7201877692421621
2024-12-16 14:00:00,103899.2,105995.7,103870.8,105487.7,183.29844281,0.8218252767278182
2024-12-16 15:00:00,105492.1,106553.6,105247.8,106326.2,199.14675147,0.8758185927609676
2024-12-16 16:00:00,106335.9,107124.4,106133.4,106823.7,329.72886268,0.9078539830131941
2024-12-16 17:00:00,106823.8,107180.1,106687.8,107068.1,95.51490617,0.9235915697019266
2024-12-16 18:00:00,107068.1,107803.7,106866.5,107096.9,158.14636178,0.9254460807356225
2024-12-16 19:00:00,107090.1,107090.1,105810.1,106601.6,231.15917199,0.8935523545206931
2024-12-16 20:00:00,106601.7,106656.5,105772.2,105798.7,121.53505598,0.8418514201819739
2024-12-16 21:00:00,105819.3,106285.8,105680.0,106052.0,74.51257073,0.8581621022943137
2024-12-16 22:00:00,106052.1,106292.7,105716.8,105810.0,56.92472432,0.8425790581917231
2024-12-16 23:00:00,105810.1,106064.2,105473.1,106060.3,55.8069434,0.8586965620713861
2024-12-17 00:00:00,106060.3,106239.8,105652.8,105859.8,66.25216535,0.8457858168541572
2024-12-17 01:00:00,105859.8,106450.0,105744.6,106365.6,47.54929146,0.8783556668834561
2024-12-17 02:00:00,106365.7,106585.6,106197.7,106257.9,49.52151581,0.8714205683303603
2024-12-17 03:00:00,106257.8,107000.0,106226.9,106866.8,78.6380008,0.9106293102893169
2024-12-17 04:00:00,106866.7,106866.8,106406.5,106501.5,34.72268875,0.8871066408237122
2024-12-17 05:00:00,106501.6,106837.5,106442.3,106819.1,31.9311651,0.907557776389757
2024-12-17 06:00:00,106819.1,106854.0,106376.5,106545.4,44.12595183,0.8899334822952147
2024-12-17 07:00:00,106545.4,107150.2,106467.4,106813.9,84.72703255,0.9072229341197832
2024-12-17 08:00:00,106813.9,107516.1,106751.6,107397.6,82.71388012,0.9448089789242554
2024-12-17 09:00:00,107397.7,107471.3,107100.5,107308.5,66.44109823,0.9390715854137558
2024-12-17 10:00:00,107308.5,107339.9,106939.4,107211.7,61.92906906,0.9328383677727193
2024-12-17 11:00:00,107211.7,107327.6,106709.2,106806.7,62.27352307,0.9067593063613592
2024-12-17 12:00:00,106806.6,107179.6,106545.6,107126.8,65.01131796,0.9273714237879679
2024-12-17 13:00:00,107126.8,107645.8,106972.8,107296.3,54.61146481,0.9382859939342039
2024-12-17 14:00:00,107296.5,108384.6,107050.0,108254.7,267.49830128,1.0
2024-12-17 15:00:00,108252.9,108252.9,105714.4,106478.6,427.97528046,0.8856320469809468
2024-12-17 16:00:00,106478.5,107104.8,106135.1,107091.3,122.03497722,0.9250854813679599
2024-12-17 17:00:00,107091.4,107670.7,106713.5,107520.9,119.59227666,0.9527486042872687
2024-12-17 18:00:00,107513.1,107644.2,106422.1,106564.6,84.08382913,0.8911698229843467
2024-12-17 19:00:00,106564.7,106999.8,106217.1,106479.4,93.9682266,0.8856835611763264
2024-12-17 20:00:00,106476.9,106902.3,106159.0,106719.8,83.00622543,0.9011635768881566
2024-12-17 21:00:00,106719.8,106805.9,106245.1,106402.5,33.56171013,0.8807317591453797
2024-12-17 22:00:00,106402.5,106418.6,105210.9,105962.3,120.58270713,0.8523860731372792
2024-12-17 23:00:00,105961.5,106335.1,105543.3,106149.9,138.93354323,0.8644661519539976
2024-12-18 00:00:00,106130.4,106472.1,105615.3,106091.8,70.6099803,0.860724933514492
2024-12-18 01:00:00,106091.8,106499.9,104938.5,105355.0,89.33667606,0.813280359569084
2024-12-18 02:00:00,105333.2,105656.9,105020.8,105322.6,74.37696277,0.8111940346561755
2024-12-18 03:00:00,105310.4,105326.4,104586.8,104767.4,83.39054211,0.7754431830621323
2024-12-18 04:00:00,104767.5,104767.5,103540.4,103870.2,162.82750502,0.7176700129429415
2024-12-18 05:00:00,103870.4,104131.7,103269.1,103566.8,112.95480914,0.6981332543449007
2024-12-18 06:00:00,103566.8,104020.1,103110.0,103788.6,82.39169893,0.7124155650141347
2024-12-18 07:00:00,103790.2,104313.5,103718.8,104244.9,72.88911479,0.7417979742042664
2024-12-18 08:00:00,104244.9,104541.8,103726.1,103804.1,88.59848836,0.7134136525496312
2024-12-18 09:00:00,103804.0,104413.2,103804.0,104040.7,46.79768142,0.728648975833403
2024-12-18 10:00:00,104036.4,104669.0,103972.5,104519.9,47.36979223,0.7595059788663011
2024-12-18 11:00:00,104519.9,105018.7,104485.9,105011.3,88.37655487,0.791148573378752
2024-12-18 12:00:00,105011.3,105350.1,104677.6,104910.7,80.50888477,0.7846706633096582
2024-12-18 13:00:00,104910.7,105262.2,104524.0,104569.9,52.2300201,0.7627256160775802
2024-12-18 14:00:00,104569.9,104857.9,103854.7,104019.6,125.36898882,0.7272902889302438
2024-12-18 15:00:00,104026.2,104555.4,103653.2,104416.8,119.04415328,0.7528670869366443
2024-12-18 16:00:00,104416.8,104468.0,103412.7,104191.4,112.68782,0.7383529623881978
2024-12-18 17:00:00,104191.5,104818.3,103869.8,104662.1,84.70038842,0.7686626270951794
2024-12-18 18:00:00,104651.6,104982.8,104150.1,104809.7,98.22687272,0.7781669961428745
2024-12-18 19:00:00,104809.7,104820.4,102816.7,102829.2,432.76124126,0.650637166204112
2024-12-18 20:00:00,102819.4,102980.0,100340.0,100832.2,1432.50911725,0.5220448559856274
2024-12-18 21:00:00,100843.1,101739.0,100475.0,101006.8,270.2589896,0.5332878291274142
2024-12-18 22:00:00,101006.7,101563.6,100650.1,101149.7,129.51881167,0.5424895522772493
2024-12-18 23:00:00,101149.8,101188.3,99970.2,100202.9,217.59533954,0.48152250204446934
2024-12-19 00:00:00,100202.9,100992.3,100122.0,100804.7,134.71440048,0.520274055519424
2024-12-19 01:00:00,100820.0,100904.6,99600.0,99759.1,195.04101283,0.4529450021571574
2024-12-19 02:00:00,99759.1,100534.2,98785.3,100534.2,394.07946835,0.5028558182064045
2024-12-19 03:00:00,100534.2,101346.8,100462.6,101191.5,120.21555361,0.5451811689858788
2024-12-19 04:00:00,101191.4,101229.8,100635.6,100664.9,54.56691749,0.5112719498766877
2024-12-19 05:00:00,100664.9,101399.9,100664.9,101302.4,58.39068204,0.5523223243204953
2024-12-19 06:00:00,101302.4,101383.5,101013.2,101182.3,86.96790306,0.5445887557390037
2024-12-19 07:00:00,101182.3,101709.3,101116.6,101654.6,43.30110088,0.5750014488367455
2024-12-19 08:00:00,101654.5,101818.1,101366.7,101641.9,55.32238716,0.5741836609850799
2024-12-19 09:00:00,101641.9,101878.5,101530.9,101814.8,46.79100004,0.5853171664616834
2024-12-19 10:00:00,101814.8,102609.9,101750.9,102430.2,96.22917016,0.6249444612581053
2024-12-19 11:00:00,102427.2,102510.0,102181.7,102447.1,85.27124309,0.6260326986355182
2024-12-19 12:00:00,102450.9,102562.0,101879.3,101997.1,65.0115372,0.5970559637340069
2024-12-19 13:00:00,101997.9,102218.7,101669.5,101951.2,101.72956885,0.5941003367740523
2024-12-19 14:00:00,101949.1,102832.0,100707.4,100936.6,153.8319253,0.5287674584827786
2024-12-19 15:00:00,100946.0,101072.4,99476.5,100639.0,591.42896955,0.5096041778012455
2024-12-19 16:00:00,100635.9,101174.8,99870.2,100696.4,159.25876794,0.5133003213197934
2024-12-19 17:00:00,100701.3,100737.0,97425.7,98830.7,457.94405373,0.39316277841812775
2024-12-19 18:00:00,98819.6,99073.0,96890.0,98938.7,523.14402552,0.4001171947944904
2024-12-19 19:00:00,98938.6,99066.2,96253.4,97207.0,347.19211036,0.28860827961905255
2024-12-19 20:00:00,97207.1,97312.8,95680.1,96399.5,428.6669786,0.23661113865689617
2024-12-19 21:00:00,96426.1,98124.4,95846.1,97421.6,263.40530279,0.30242696252986256
2024-12-19 22:00:00,97426.6,98404.6,97224.9,98377.7,119.21697766,0.3639928652839397
2024-12-19 23:00:00,98380.9,98380.9,97456.6,97456.6,89.80351159,0.30468070857775786
2024-12-20 00:00:00,97456.7,97812.7,96639.8,97241.0,133.41417176,0.2907976329227223
2024-12-20 01:00:00,97250.9,97534.2,96167.0,96303.3,227.00093038,0.23041655666239552
2024-12-20 02:00:00,96334.0,97717.6,96000.0,97629.9,99.40212265,0.31583997115205026
2024-12-20 03:00:00,97630.0,97791.7,96972.9,97098.3,76.38727794,0.28160878832173214
2024-12-20 04:00:00,97111.4,97843.0,96852.7,97302.0,89.17610608,0.29472559032048273
2024-12-20 05:00:00,97302.0,97496.0,96672.7,96740.5,80.24612865,0.2585690644378192
2024-12-20 06:00:00,96740.5,97318.2,96381.9,97284.3,138.4007026,0.2935858387476902
2024-12-20 07:00:00,97284.3,98252.2,97280.7,97843.6,171.72457024,0.3296007005930576
2024-12-20 08:00:00,97843.6,97882.3,95304.0,95474.6,246.04637323,0.177054289522657
2024-12-20 09:00:00,95474.7,95739.4,94692.4,94805.9,264.76561441,0.13399486145901046
2024-12-20 10:00:00,94805.9,95144.5,93961.0,94370.6,381.36932136,0.10596469989761594
2024-12-20 11:00:00,94372.1,94674.1,92614.9,92725.0,342.03886875,0.0
2024-12-20 12:00:00,92725.1,94251.4,92277.9,93933.4,255.37078567,0.07781219212219131
2024-12-20 13:00:00,93933.3,95863.1,93596.0,95176.8,281.29996381,0.15787813029227887
2024-12-20 14:00:00,95205.6,96195.0,94747.6,95607.4,239.44151822,0.18560564595581336
2024-12-20 15:00:00,95624.0,97569.3,95614.7,96991.1,258.04208072,0.2747058861407501
2024-12-20 16:00:00,96991.1,97689.7,96303.6,96728.1,222.54633971,0.25777059440942235
2024-12-20 17:00:00,96728.1,97379.3,96427.5,97203.6,145.61532954,0.28838934428868596
2024-12-20 18:00:00,97203.6,97305.1,96595.0,96991.1,128.14388848,0.2747058861407501
2024-12-20 19:00:00,96985.8,97732.7,96847.4,97096.7,138.31855526,0.2815057599309708
2024-12-20 20:00:00,97118.3,97230.8,96431.3,96455.9,134.74027857,0.24024288943121855
2024-12-20 21:00:00,96449.9,96651.9,95430.9,96626.6,127.48295391,0.25123473087052595
2024-12-20 22:00:00,96626.6,97500.0,96454.2,97453.8,84.14558279,0.3045004088939261
2024-12-20 23:00:00,97453.8,97800.0,97377.8,97799.9,75.299251,0.326786737670399
2024-12-21 00:00:00,97800.0,97810.9,97208.5,97518.4,76.86326782,0.308660180170898
2024-12-21 01:00:00,97518.3,97667.5,97192.0,97349.8,69.87110408,0.2978035634944657
2024-12-21 02:00:00,97349.8,97625.3,97187.0,97390.2,54.69411827,0.30040503036117877
2024-12-21 03:00:00,97390.2,97484.8,97239.4,97484.8,52.49858802,0.3064965839649191
2024-12-21 04:00:00,97490.7,97635.4,97376.5,97581.6,30.16459363,0.3127298016059555
2024-12-21 05:00:00,97581.6,98692.7,97536.5,98692.6,80.93252296,0.3842701404405756
2024-12-21 06:00:00,98692.6,98822.0,98325.0,98723.9,99.93270155,0.3862856333348355
2024-12-21 07:00:00,98723.9,99623.4,98500.1,99037.8,153.11838337,0.4064985157472459
2024-12-21 08:00:00,99037.8,99191.6,98455.0,98652.1,140.22092994,0.3816622342994396
2024-12-21 09:00:00,98652.1,98690.4,98298.2,98564.8,49.71601387,0.37604074772854623
2024-12-21 10:00:00,98564.8,98649.3,98013.6,98139.9,73.28936865,0.3486802707070964
2024-12-21 11:00:00,98129.8,98426.7,97801.3,98267.2,76.57197846,0.356877467047013
2024-12-21 12:00:00,98267.2,98294.2,97110.1,97149.1,105.86507879,0.2848799397283918
2024-12-21 13:00:00,97149.0,97494.8,96403.4,97339.0,149.08978589,0.2971081218568292
2024-12-21 14:00:00,97334.5,97805.2,97040.7,97085.5,116.37988446,0.28078456119564454
2024-12-21 15:00:00,97085.5,97725.5,97066.6,97521.9,62.53604944,0.3088855547756876
2024-12-21 16:00:00,97521.9,97712.0,96913.8,97286.8,86.19314668,0.2937468206082541
2024-12-21 17:00:00,97283.0,97686.4,97029.8,97585.7,59.31946716,0.3129938118572798
2024-12-21 18:00:00,97585.8,97719.3,97289.1,97400.4,44.72797928,0.3010618363522795
2024-12-21 19:00:00,97406.1,97433.9,96817.2,97265.8,89.21134129,0.29239457297951693
2024-12-21 20:00:00,97265.8,98057.6,97225.0,97454.1,57.1655717,0.30451972671719396
2024-12-21 21:00:00,97454.1,97574.7,96531.2,96899.4,77.8614205,0.2688010714952636
2024-12-21 22:00:00,96892.7,97387.7,96626.3,97151.1,66.36164443,0.285008725216843
2024-12-21 23:00:00,97151.1,97309.2,96898.1,97280.2,50.21818216,0.2933218284963649
2024-12-22 00:00:00,97280.7,97451.5,97050.0,97248.6,72.95210116,0.2912870177788371
2024-12-22 01:00:00,97236.7,97429.1,96720.7,97050.5,74.00381803,0.2785308151477492
2024-12-22 02:00:00,97046.7,97228.8,96604.3,96713.3,63.02710427,0.25681758179488356
2024-12-22 03:00:00,96720.3,97325.4,96551.5,96990.8,81.52618286,0.2746865683174822
2024-12-22 04:00:00,96990.8,97075.8,96084.9,96084.9,64.4141521,0.21635318132352813
2024-12-22 05:00:00,96084.9,96412.0,95905.6,96157.5,91.30864668,0.22102809455430567
2024-12-22 06:00:00,96157.5,96738.8,96114.0,96738.8,55.44585542,0.2584595967726359
2024-12-22 07:00:00,96738.7,96847.6,96078.1,96205.8,52.10550005,0.22413826410040139
2024-12-22 08:00:00,96206.4,96689.0,96196.0,96536.8,57.83182361,0.2454522624390686
2024-12-22 09:00:00,96536.8,97244.1,96324.1,96933.5,71.35766934,0.27099686407335627
2024-12-22 10:00:00,96933.4,97351.6,96841.2,97007.2,48.51312126,0.2757426093227814
2024-12-22 11:00:00,97007.2,97334.3,96979.7,97099.4,37.8111558,0.28167962034037974
2024-12-22 12:00:00,97099.5,97302.1,96837.6,96988.8,62.34393397,0.27455778282903104
2024-12-22 13:00:00,96988.4,97257.4,96856.0,96981.9,39.41020538,0.274113472893874
2024-12-22 14:00:00,96983.9,97060.2,95308.4,95353.5,181.79918406,0.1692563281969388
2024-12-22 15:00:00,95358.6,95649.9,95113.5,95364.0,132.76385514,0.1699324520113074
2024-12-22 16:00:00,95364.0,95870.4,95198.3,95714.4,147.49838946,0.1924956695879505
2024-12-22 17:00:00,95714.4,95861.1,95448.8,95617.3,63.0377737,0.18624313412364718
2024-12-22 18:00:00,95617.3,96449.9,95391.1,95949.4,111.56533701,0.20762796448096196
2024-12-22 19:00:00,95949.4,96152.1,94694.9,94832.3,113.49152628,0.13569482990656634
2024-12-22 20:00:00,94838.0,95625.0,94422.5,95594.3,132.73940857,0.18476210100645882
2024-12-22 21:00:00,95594.3,95739.0,95073.3,95203.0,85.20919599,0.1595652201909889
2024-12-22 22:00:00,95199.0,95630.4,94238.4,95545.9,123.00010297,0.18164549218594014
2024-12-22 23:00:00,95545.9,95824.7,95024.1,95186.2,74.74912338,0.15848342208799895
2024-12-23 00:00:00,95186.2,95424.4,94336.3,94398.7,127.70021571,0.10777413601035418
2024-12-23 01:00:00,94398.7,95100.6,93767.1,94454.9,150.06149176,0.11139300823583163
2024-12-23 02:00:00,94458.0,94771.4,93712.6,94723.3,159.17125992,0.12867602078597803
2024-12-23 03:00:00,94723.4,96037.5,94611.5,96020.7,116.82839432,0.21221916714424605
2024-12-23 04:00:00,96020.7,96507.7,95645.3,95838.7,91.03965086,0.20049968769519036
2024-12-23 05:00:00,95839.2,95970.5,95353.6,95616.2,57.17442609,0.18617230210499866
2024-12-23 06:00:00,95616.2,95654.7,94704.9,94820.2,73.41406171,0.13491567770143645
2024-12-23 07:00:00,94827.7,95581.9,94827.7,95400.2,69.64616062,0.17226346935227324
2024-12-23 08:00:00,95400.3,95575.4,95040.0,95504.5,46.61919663,0.1789796325750015
2024-12-23 09:00:00,95504.5,96152.8,95491.1,96005.5,68.89324626,0.2112403974320174
2024-12-23 10:00:00,96005.6,96439.9,95956.3,96388.2,58.75987667,0.23588350064714694
2024-12-23 11:00:00,96384.2,96530.3,95830.5,95936.2,64.30311814,0.20677798025718447
2024-12-23 12:00:00,95936.2,96413.3,95855.0,96297.2,67.11976215,0.23002376092261909
2024-12-23 13:00:00,96297.2,96340.5,94826.0,94925.6,106.89754669,0.14170267294281322
2024-12-23 14:00:00,94925.7,95625.5,93696.1,94394.6,185.0776143,0.10751012575902986
2024-12-23 15:00:00,94394.7,94438.7,93113.6,93250.7,209.89802434,0.033851265639387576
2024-12-23 16:00:00,93250.7,94262.3,92932.1,93981.7,212.4247851,0.08092236166828705
2024-12-23 17:00:00,93981.7,94143.8,93218.5,93376.0,130.37460099,0.04191967649085302
2024-12-23 18:00:00,93376.0,93744.6,92692.3,92747.8,113.73916884,0.0014681545683434267
2024-12-23 19:00:00,92747.8,93711.9,92685.4,93044.8,113.28201544,0.020592799603340886
2024-12-23 20:00:00,93044.7,93521.9,92519.5,93188.0,138.86861403,0.029813840576443852
2024-12-23 21:00:00,93188.0,94304.9,93180.0,93953.5,154.5087208,0.07910648628112586
2024-12-23 22:00:00,93953.5,95178.6,93905.1,95178.6,82.00412333,0.15799403723188513
2024-12-23 23:00:00,95178.9,95496.5,94682.1,94885.9,80.07644046,0.1391462809970569
2024-12-24 00:00:00,94885.9,94885.9,94135.3,94547.0,89.41570729,0.11732357997900798
2024-12-24 01:00:00,94547.1,94672.7,94036.7,94118.0,64.36133648,0.08969909270623388
2024-12-24 02:00:00,94118.0,94319.2,93576.5,93961.0,68.23377026,0.07958943186281771
2024-12-24 03:00:00,93961.1,94395.4,93815.7,94352.4,53.22871178,0.10479275195270961
2024-12-24 04:00:00,94352.4,94430.5,94051.2,94424.8,42.30901749,0.10945478663464221
2024-12-24 05:00:00,94425.3,94649.9,94319.1,94602.3,36.64540977,0.12088449873468278
2024-12-24 06:00:00,94602.4,94602.4,93826.8,93915.8,49.06919222,0.07667887982382166
2024-12-24 07:00:00,93919.5,94315.7,93820.4,94232.1,33.43090293,0.097046304822373
2024-12-24 08:00:00,94232.2,94631.3,94131.6,94497.4,58.23057478,0.11412969986541881
2024-12-24 09:00:00,94497.3,94539.7,93947.6,94074.8,40.66142175,0.08691732615568898
2024-12-24 10:00:00,94063.1,94199.3,93834.9,93974.9,51.2963511,0.08048449100755291
2024-12-24 11:00:00,93975.0,94422.0,93933.6,94398.2,35.96709522,0.1077419396382414
2024-12-24 12:00:00,94398.2,94409.1,94065.0,94305.9,35.97645394,0.10179848934622011
2024-12-24 13:00:00,94308.7,96088.5,94284.1,96077.6,116.97896564,0.21588311429068213
2024-12-24 14:00:00,96077.7,97499.9,95858.1,97459.7,183.85616876,0.3048803260848566
2024-12-24 15:00:00,97459.7,98300.0,97250.0,98288.5,154.55512314,0.35824903249901807
2024-12-24 16:00:00,98299.6,98683.9,97972.8,98482.1,137.51846535,0.3707154677810909
2024-12-24 17:00:00,98485.1,99040.4,98321.9,98784.5,108.3934032,0.3901878336349061
2024-12-24 18:00:00,98784.6,99476.5,98428.9,98616.1,163.84667326,0.3793440955073187
2024-12-24 19:00:00,98613.4,98733.9,97562.2,97588.6,89.74251229,0.31318055081553453
2024-12-24 20:00:00,97584.1,98046.3,97256.3,97301.0,102.45437736,0.29466119757625714
2024-12-24 21:00:00,97298.5,98463.7,97280.0,98392.7,68.25893496,0.3649587564473234
2024-12-24 22:00:00,98392.7,99071.7,98343.2,98775.9,60.66428512,0.38963405603456575
2024-12-24 23:00:00,98775.9,99030.0,98503.0,98661.7,37.5070248,0.3822804046440046
2024-12-25 00:00:00,98661.6,98870.0,98415.1,98417.4,55.56196908,0.36654925722969506
2024-12-25 01:00:00,98422.7,98599.2,97893.0,97983.4,41.81414616,0.33860280623579303
2024-12-25 02:00:00,97983.4,98369.2,97726.2,98146.0,75.13542581,0.34907306644687286
2024-12-25 03:00:00,98140.1,98284.6,97937.5,98036.5,38.73356383,0.34202206095417176
2024-12-25 04:00:00,98036.4,98371.3,97882.4,98242.0,32.24614495,0.3552547698925286
2024-12-25 05:00:00,98242.0,98371.0,98168.3,98280.9,23.45571668,0.3577596476429033
2024-12-25 06:00:00,98280.9,98585.9,97858.0,97896.2,41.4358978,0.3329877589393226
2024-12-25 07:00:00,97896.3,98366.5,97868.8,98092.3,40.14737609,0.34561517608195935
2024-12-25 08:00:00,98092.4,98267.2,97936.4,98084.0,40.81071155,0.34508071630488685
2024-12-25 09:00:00,98084.1,98279.4,98020.3,98189.7,25.00980376,0.35188702936953054
2024-12-25 10:00:00,98189.7,99347.7,98155.3,98466.8,110.20541649,0.3697302587944393
2024-12-25 11:00:00,98455.9,98876.8,97781.7,97923.6,72.38992488,0.33475212013110406
2024-12-25 12:00:00,97923.6,98604.3,97622.7,98183.5,136.88150367,0.3514877943553321
2024-12-25 13:00:00,98171.7,98613.9,98130.9,98462.2,59.45768287,0.3694340521710012
2024-12-25 14:00:00,98462.3,98827.1,98265.5,98706.7,63.04951304,0.3851780781341557
2024-12-25 15:00:00,98706.7,98730.7,98200.0,98518.3,52.56053134,0.3730464851220567
2024-12-25 16:00:00,98518.3,98712.7,98130.1,98417.0,59.54144677,0.3665235001320052
2024-12-25 17:00:00,98417.0,98664.4,98180.0,98567.9,44.25317861,0.37624036523564497
2024-12-25 18:00:00,98567.9,98971.5,98544.2,98752.1,49.15540774,0.38810150872199767
2024-12-25 19:00:00,98752.1,99286.0,98727.6,99018.3,50.81000838,0.40524285723484704
2024-12-25 20:00:00,99018.3,99441.2,98886.8,99152.9,90.49616236,0.4139101206076096
2024-12-25 21:00:00,99153.0,99587.8,98381.3,98516.3,81.43108865,0.37291769963360555
2024-12-25 22:00:00,98516.3,99100.0,98442.6,98813.8,58.49680003,0.3920745410407158
2024-12-25 23:00:00,98813.8,99561.2,98813.7,99434.8,74.55623522,0.43206243520480136
2024-12-26 00:00:00,99434.9,99970.8,98953.9,99024.9,94.33213738,0.40566784934673533
2024-12-26 01:00:00,99025.0,99258.6,98567.7,99057.5,82.26237366,0.4077670528084896
2024-12-26 02:00:00,99057.6,99191.9,98464.8,98751.8,59.60333273,0.3880821908987298
2024-12-26 03:00:00,98751.8,99173.3,98579.2,98998.4,62.1350671,0.40396144162475744
2024-12-26 04:00:00,98998.5,98998.5,98244.5,98290.2,49.27508187,0.3583585001642014
2024-12-26 05:00:00,98290.4,98461.3,98081.5,98370.9,46.44971108,0.36355499462320556
2024-12-26 06:00:00,98370.9,98472.0,98040.5,98118.0,32.97304595,0.34727006960855655
2024-12-26 07:00:00,98118.0,98299.3,97713.6,97713.6,60.50481582,0.32122964384373215
2024-12-26 08:00:00,97720.1,97755.2,95620.9,95882.3,208.7838196,0.20330721134342605
2024-12-26 09:00:00,95878.4,95968.2,95400.0,95433.5,89.95277637,0.17440774773498524
2024-12-26 10:00:00,95433.5,95777.2,95198.4,95510.2,59.40057686,0.1793466712170871
2024-12-26 11:00:00,95510.1,96039.0,95469.6,95701.4,84.85815003,0.19165856391301794
2024-12-26 12:00:00,95703.5,95879.7,95449.2,95669.7,82.14670473,0.18961731392106723
2024-12-26 13:00:00,95669.6,95760.8,95287.3,95703.9,55.69468599,0.1918195457735819
2024-12-26 14:00:00,95703.9,96277.5,95156.0,95453.5,120.79337756593168,0.17569560261949688
2024-12-26 15:00:00,95453.5,96210.8,95272.8,96047.7,97.23259279,0.21395777123833673
2024-12-26 16:00:00,96043.3,96638.8,95810.6,96520.0,119.17022703,0.24437046433607865
2024-12-26 17:00:00,96520.0,96546.1,95675.8,95822.3,94.41525754,0.1994436466898912
2024-12-26 18:00:00,95822.3,96026.3,95501.0,95735.6,80.17425572,0.19386079576553356
2024-12-26 19:00:00,95735.6,96194.6,95443.3,96096.6,66.48061753,0.21710657643096817
2024-12-26 20:00:00,96096.6,96116.8,95408.1,95560.8,55.74191435,0.18260494407490185
2024-12-26 21:00:00,95587.7,95930.2,95311.4,95807.8,59.47072985,0.19850995189862028
2024-12-26 22:00:00,95808.3,95971.6,95629.8,95816.4,29.42415459,0.19906372949895973
2024-12-26 23:00:00,95816.4,95881.6,95380.0,95785.8,41.91849976,0.1970933115256575
2024-12-27 00:00:00,95785.9,95924.8,95402.2,95789.4,49.320914,0.19732512540486905
2024-12-27 01:00:00,95789.4,96227.0,95558.8,95918.8,44.71542465,0.20565754650765974
2024-12-27 02:00:00,95918.8,96437.4,95719.4,96070.9,57.24314271,0.21545168290437
2024-12-27 03:00:00,96070.8,96444.5,95995.6,96423.4,43.66300131,0.23815012524388718
2024-12-27 04:00:00,96423.1,96574.9,96245.0,96291.3,44.2925898,0.22964384373168856
2024-12-27 05:00:00,96295.0,96326.6,96000.0,96246.6,45.26813772,0.2267654880648053
2024-12-27 06:00:00,96246.5,96590.5,96107.4,96590.4,39.40839958,0.24890371352955917
2024-12-27 07:00:00,96590.5,96609.5,94656.3,95106.4,180.830201,0.15334488109879743
2024-12-27 08:00:00,95106.5,96396.8,95106.4,95725.9,114.00757719,0.19323618614654467
2024-12-27 09:00:00,95726.0,97515.9,95679.5,96783.9,165.56148377,0.261363709537209
2024-12-27 10:00:00,96783.8,97026.1,96200.0,96610.3,68.11499002,0.2501851291396488
2024-12-27 11:00:00,96605.1,96951.0,96376.9,96951.0,51.98034945,0.2721237370973039
2024-12-27 12:00:00,96951.1,97130.7,96616.7,96686.6,87.20194626,0.25509829552406077
2024-12-27 13:00:00,96686.5,96686.5,96267.6,96417.5,60.08466274,0.23777020805295665
2024-12-27 14:00:00,96417.5,96482.1,95178.6,95679.4,116.98967763,0.19024192354005517
2024-12-27 15:00:00,95690.1,95711.5,94009.4,94575.5,169.82189215,0.11915877318943703
2024-12-27 16:00:00,94575.5,94994.7,94106.9,94156.5,104.55781228,0.09217821335891874
2024-12-27 17:00:00,94165.7,94331.9,93490.0,94291.2,136.46145177,0.10085191600610427
2024-12-27 18:00:00,94291.2,94764.4,94222.4,94563.3,57.8725479,0.11837318170988514
2024-12-27 19:00:00,94558.1,94799.5,94251.4,94749.4,63.50578543,0.13035667141026513
2024-12-27 20:00:00,94749.3,94778.2,94314.0,94576.9,52.01144389,0.11924892303135247
2024-12-27 21:00:00,94589.6,94828.4,94378.7,94532.3,50.01062463,0.11637700663889214
2024-12-27 22:00:00,94532.2,94674.2,94200.0,94431.1,40.56221867,0.10986046092326356
2024-12-27 23:00:00,94431.1,94532.7,94134.5,94286.1,138.90638573,0.10052351301055436
2024-12-28 00:00:00,94286.1,94536.4,94234.5,94378.0,72.34150268,0.10644120620488486
2024-12-28 01:00:00,94378.0,94609.3,94134.4,94545.2,73.26525676,0.11720767303940176
2024-12-28 02:00:00,94545.3,94616.4,94271.4,94336.5,24.31238937,0.10376890731952325
2024-12-28 03:00:00,94333.3,94709.3,94327.1,94587.0,23.88279064,0.11989928974803121
2024-12-28 04:00:00,94582.9,94635.9,94498.1,94518.5,18.90363818,0.11548838676857894
2024-12-28 05:00:00,94518.5,94796.9,94518.4,94624.3,30.47185912,0.12230113910764556
2024-12-28 06:00:00,94624.4,94718.5,94399.7,94466.5,25.65702428,0.11213996406884874
2024-12-28 07:00:00,94466.4,94634.1,94295.2,94373.9,25.68807826,0.1061771959535596
2024-12-28 08:00:00,94374.0,94531.9,94300.1,94481.6,16.45388589,0.11311229450665539
2024-12-28 09:00:00,94481.6,94689.8,94477.0,94580.5,27.8448902,0.11948073691056493
2024-12-28 10:00:00,94580.5,94716.4,94493.0,94619.0,39.52894151,0.1219598575632498
2024-12-28 11:00:00,94619.0,94884.8,94594.7,94752.3,31.01580929,0.13054341036851988
2024-12-28 12:00:00,94751.5,94884.5,94592.6,94595.5,44.37168639,0.12044662807394865
2024-12-28 13:00:00,94594.5,94759.4,94494.6,94666.1,48.48864416,0.12499275581627502
2024-12-28 14:00:00,94662.9,95338.2,94406.6,94583.5,68.66806161,0.11967391514324169
2024-12-28 15:00:00,94583.6,94823.3,94366.2,94447.7,41.80169395,0.11092938047740764
2024-12-28 16:00:00,94447.7,94927.0,94400.0,94879.0,72.31359948,0.13870197106190077
2024-12-28 17:00:00,94874.0,95243.5,94814.0,95024.4,58.03382255,0.14806467607229984
2024-12-28 18:00:00,95024.4,95101.6,94708.2,94840.0,45.71319813,0.13619065403710312
2024-12-28 19:00:00,94840.0,95139.8,94839.9,95031.5,25.810847,0.1485218645563018
2024-12-28 20:00:00,95031.6,95162.7,94877.4,95081.8,23.04663093,0.15176081959084872
2024-12-28 21:00:00,95087.6,95217.0,94964.7,95168.1,20.82703754,0.15731791341751653
2024-12-28 22:00:00,95168.2,95468.5,95047.2,95302.2,33.64638647,0.16595298041816633
